{"service": "COPERNICUS/S2_HARMONIZED", "scale": 50, "path_noSediments": "D:\\Lavoro\\Universita\\01_Research\\2022_River_Floods\\DL\\sentinel2_test2\\No_Sediments_Correct.npy", "path_Sediments": "D:\\Lavoro\\Universita\\01_Research\\2022_River_Floods\\DL\\sentinel2_test2\\Sediments_Correct.npy", "path_noSediments_shp": "D:\\Lavoro\\Universita\\01_Research\\2022_River_Floods\\DL\\sentinel2_test2\\clouds.shp", "path_terra_shp": "D:\\Lavoro\\Universita\\01_Research\\2022_River_Floods\\DL\\sentinel2_test2\\terra.shp", "path_clearwater_shp": "D:\\Lavoro\\Universita\\01_Research\\2022_River_Floods\\DL\\sentinel2_test2\\clearwater.shp", "path_clearwater": "D:\\Lavoro\\Universita\\01_Research\\2022_River_Floods\\DL\\sentinel2_test2\\CleanWater_Correct.npy", "maxDateTerra": 3, "path_Sediments_shp": "D:\\Lavoro\\Universita\\01_Research\\2022_River_Floods\\DL\\sentinel2_test2\\sediments.shp", "folder_out": "D:\\Lavoro\\Universita\\01_Research\\2022_River_Floods\\DL\\sentinel2_13bands\\0", "model_setting": {"nNodi": 32, "patience": 200, "nDim": 11}, "grid": {"bbox": [9.9577, 42.0418, 11.4683, 44.2066], "perc_overlap": 10, "dim": [0.15, 0.15], "file_out": "D:\\Lavoro\\Universita\\01_Research\\2022_River_Floods\\DL\\grid.shp"}}